{
  "best_model": "CatBoost",
  "all_models": {
    "GradientBoosting": {
      "MAE": 2625.8177972511976,
      "RMSE": 8829.866397237185,
      "MAPE": 8444.006817895379,
      "R2": 0.38558855408316806
    },
    "XGBoost": {
      "MAE": 2550.9808172602297,
      "RMSE": 8505.902545750436,
      "MAPE": 8430.23653967925,
      "R2": 0.42984644318120346
    },
    "LightGBM": {
      "MAE": 2678.311490569292,
      "RMSE": 8497.771985330834,
      "MAPE": 6724.264194000289,
      "R2": 0.4309359107275156
    },
    "CatBoost": {
      "MAE": 2624.067160607137,
      "RMSE": 8414.737649694433,
      "MAPE": 8673.370346369189,
      "R2": 0.44200257678285004
    }
  },
  "test_metrics": {
    "MAE": 2918.98991353344,
    "RMSE": 9158.74528578249,
    "MAPE": 7747.922910842284,
    "R2": 0.4270010796550513
  },
  "cv_r2_mean": 0.3959101434927275,
  "cv_r2_std": 0.03969544955488065
}