{
  "best_model": "StackingRegressor",
  "all_models": {
    "RandomForest": {
      "MAE": 2630.651653513741,
      "RMSE": 8747.294509199062,
      "MAPE": 10036.40415101664,
      "R2": 0.3970260769723385
    },
    "ExtraTrees": {
      "MAE": 2413.265876734331,
      "RMSE": 8405.180123844073,
      "MAPE": 6018.149897463712,
      "R2": 0.4432694127424174
    },
    "GradientBoosting": {
      "MAE": 2625.8177972511976,
      "RMSE": 8829.866397237185,
      "MAPE": 8444.006817895379,
      "R2": 0.38558855408316806
    },
    "XGBoost": {
      "MAE": 2668.076314178373,
      "RMSE": 8751.239156628288,
      "MAPE": 6454.48497393309,
      "R2": 0.39648212459094223
    },
    "LightGBM": {
      "MAE": 2712.464992581111,
      "RMSE": 8383.615852352801,
      "MAPE": 5012.938470505375,
      "R2": 0.44612243641457117
    },
    "CatBoost": {
      "MAE": 2624.067160607137,
      "RMSE": 8414.737649694433,
      "MAPE": 8673.370346369189,
      "R2": 0.44200257678285004
    },
    "StackingRegressor": {
      "MAE": 2705.233037749053,
      "RMSE": 8291.704873280301,
      "MAPE": 4235.211976070466,
      "R2": 0.458200369547047
    }
  },
  "test_metrics": {
    "MAE": 3038.4191810618827,
    "RMSE": 8968.452260889466,
    "MAPE": 5871.218267700934,
    "R2": 0.4505643398531718
  },
  "cv_r2_mean": 0.3825629988427122,
  "cv_r2_std": 0.046221172055372496
}